Workbook

Sheet Evaluación CV
B1: Anexo 01: CUADRO DE EVALUACIÓN
B2: CONSULTORIA INDIVIDUAL Nº 069-2025-CG-UE002/BID3: LA CONTRATACIÓN DE UN CONSULTOR ANALISTA DE SISTEMAS DE SOLUCIONES INFORMÁTICAS 01 PARA LA IMPLEMENTACIÓN DEL PROYECTO INTERNO 1.8.2 SISTEMA INTEGRADO DE CONTROL GUBERNAMENTAL - FASE 2. COMPONENTE: PROGRAMACIÓN DE LOS SERVICIOS DE CONTROL - PSC PRODUCTO DE LA ACCIÓN DE INVERSIÓN 1.8.2.
B4: Item | C4: Criterios de Evaluación | D4: Puntaje | E4: Puntaje Máximo | G4: Puntaje | I4: Puntaje | K4: Puntaje | M4: Puntaje | O4: Puntaje | Q4: Puntaje | S4: Puntaje | U4: Puntaje | W4: Puntaje | Y4: Puntaje | AA4: Puntaje | AC4: Puntaje | AE4: Puntaje | AG4: Puntaje | AI4: Puntaje | AK4: Puntaje | AM4: Puntaje | AO4: Puntaje | AQ4: Puntaje | AS4: Puntaje | AU4: Puntaje | AW4: Puntaje | AY4: Puntaje | BA4: Puntaje | BC4: Puntaje | BE4: Puntaje
B5: FORMACIÓN ACADÉMICA
B6: I | C6: a) Bachiller en Ingeniería de Sistemas o Ingeniería Informática o Ingeniería de Sistemas y Cómputo o Ingeniería de Sistemas e Informática o Ingeniería de Computación y Sistemas o Ingeniería Informática y Sistemas o Ingeniería en Ciencias de la Computación o Ingeniería Industrial o Ingeniería Electrónica o Ingeniería de Telecomunicaciones o Ingeniería de Software o afines | D6: CUMPLE / NO CUMPLE | E6: CUMPLE / NO CUMPLE
B7: ESTUDIOS COMPLEMENTARIOS | D7: =+D11 -> 0 | E7: =+E9+E10+E11 -> #VALUE! | G7: =SUM(G8:G11) -> 0 | I7: =SUM(I8:I11) -> 0 | K7: =SUM(K8:K11) -> 0 | M7: =SUM(M8:M11) -> 0 | O7: =SUM(O8:O11) -> 0 | Q7: =SUM(Q8:Q11) -> 0 | S7: =SUM(S8:S11) -> 0 | U7: =SUM(U8:U11) -> 0 | W7: =SUM(W8:W11) -> 0 | Y7: =SUM(Y8:Y11) -> 0 | AA7: =SUM(AA8:AA11) -> 0 | AC7: =SUM(AC8:AC11) -> 0 | AE7: =SUM(AE8:AE11) -> 0 | AG7: =SUM(AG8:AG11) -> 0 | AI7: =SUM(AI8:AI11) -> 0 | AK7: =SUM(AK8:AK11) -> 0 | AM7: =SUM(AM8:AM11) -> 0 | AO7: =SUM(AO8:AO11) -> 0 | AQ7: =SUM(AQ8:AQ11) -> 0 | AS7: =SUM(AS8:AS11) -> 0 | AU7: =SUM(AU8:AU11) -> 0 | AW7: =SUM(AW8:AW11) -> 0 | AY7: =SUM(AY8:AY11) -> 0 | BA7: =SUM(BA8:BA11) -> 0 | BC7: =SUM(BC8:BC11) -> 0 | BE7: =SUM(BE8:BE11) -> 0
B8: II | C8: b.1) Curso o taller o capacitación o certificación en temas relacionadas al análisis o desarrollo de software o tecnologías de la información | D8: CUMPLE / NO CUMPLE | E8: CUMPLE / NO CUMPLE
C9: b.2) Deseable curso o taller o capacitación o certificación de Metodología RUP o Scrum o similares | D9: 0 | E9: XX
C10: b.3) Deseable Curso o taller o capacitación o certificación en herramientas para pruebas de rendimiento / carga / estrés. | D10: 0 | E10: XX
C11: b.4) Deseable curso o taller o capacitación o certificación en Base de datos Oracle 10g o superior | D11: 0 | E11: XX
B12: EXPERIENCIA GENERAL | D12: 0 | E12: =E14 -> XX | G12: =SUM(G13) -> 0 | I12: =SUM(I13) -> 0 | K12: =SUM(K13) -> 0 | M12: =SUM(M13) -> 0 | O12: =SUM(O13) -> 0 | Q12: =SUM(Q13) -> 0 | S12: =SUM(S13) -> 0 | U12: =SUM(U13) -> 0 | W12: =SUM(W13) -> 0 | Y12: =SUM(Y13) -> 0 | AA12: =SUM(AA13) -> 0 | AC12: =SUM(AC13) -> 0 | AE12: =SUM(AE13) -> 0 | AG12: =SUM(AG13) -> 0 | AI12: =SUM(AI13) -> 0 | AK12: =SUM(AK13) -> 0 | AM12: =SUM(AM13) -> 0 | AO12: =SUM(AO13) -> 0 | AQ12: =SUM(AQ13) -> 0 | AS12: =SUM(AS13) -> 0 | AU12: =SUM(AU13) -> 0 | AW12: =SUM(AW13) -> 0 | AY12: =SUM(AY13) -> 0 | BA12: =SUM(BA13) -> 0 | BC12: =SUM(BC13) -> 0 | BE12: =SUM(BE13) -> 0
B13: III | C13: EXPERIENCIA GENERAL: Experiencia laboral en el sector público o privado, mínima de cinco (05) años *La experiencia general y específica será contabilizada desde la fecha de egresado | D13: CUMPLE / NO CUMPLE | E13: CUMPLE / NO CUMPLE
C14: Más de cinco (05) años y hasta XXX (XX) años | D14: XX | E14: XX
C15: Más de XXX (XX) años. | D15: XX
B16: EXPERIENCIA ESPECIFICA | D16: 0 | E16: =+E18+E21 -> #VALUE! | G16: =SUM(G17) -> 0 | I16: =+I17+I21 -> 0 | K16: =SUM(K17) -> 0 | M16: =+M17+M21 -> 0 | O16: =SUM(O17) -> 0 | Q16: =SUM(Q17) -> 0 | S16: =SUM(S17) -> 0 | U16: =SUM(U17) -> 0 | W16: =SUM(W17) -> 0 | Y16: =SUM(Y17) -> 0 | AA16: =SUM(AA17) -> 0 | AC16: =SUM(AC17) -> 0 | AE16: =SUM(AE17) -> 0 | AG16: =SUM(AG17) -> 0 | AI16: =SUM(AI17) -> 0 | AK16: =SUM(AK17) -> 0 | AM16: =SUM(AM17) -> 0 | AO16: =SUM(AO17) -> 0 | AQ16: =SUM(AQ17) -> 0 | AS16: =SUM(AS17) -> 0 | AU16: =SUM(AU17) -> 0 | AW16: =SUM(AW17) -> 0 | AY16: =SUM(AY17) -> 0 | BA16: =SUM(BA17) -> 0 | BC16: =SUM(BC17) -> 0 | BE16: =SUM(BE17) -> 0
B17: IV | C17: EXPERIENCIA ESPECÍFICA: Experiencia en el sector público o privado, mínima de cuatro (04) años, ejecutando actividades de funciones como analista de sistemas, analista funcional o labores relacionadas *La experiencia general y específica será contabilizada desde la fecha de egresado | D17: CUMPLE / NO CUMPLE | E17: CUMPLE / NO CUMPLE
C18: Más de cuatro (04) años y hasta xx (xx) años. | D18: XX | E18: XX
C19: Más de xx (xx) años | D19: XX
C20: Deseable experiencia mínima de (01) año como: Analista Programador o Programador o puesto equivalente, utilizando lenguaje de programación Java. | D20: 0 | E20: XX
C21: Deseable experiencia mínima de un (01) año en desarrollo de aplicativos con Base de Datos Oracle 10g o superior | D21: 0 | E21: XX
C22: PUNTAJE TOTAL CV DOCUMENTADO | D22: =+D16+D12+D7 -> 0 | E22: =+E16+E12+E7 -> #VALUE! | G22: =+G16+G12+G7 -> 0 | I22: =+I16+I12+I7 -> 0 | M22: =+M16+M12+M7 -> 0 | O22: =+O16+O12+O7 -> 0 | S22: =+S16+S12+S7 -> 0 | U22: =+U16+U12+U7 -> 0 | W22: =+W16+W12+W7 -> 0 | Y22: =+Y16+Y12+Y7 -> 0 | AA22: =+AA16+AA12+AA7 -> 0 | AC22: =+AC16+AC12+AC7 -> 0 | AE22: =+AE16+AE12+AE7 -> 0 | AG22: =+AG16+AG12+AG7 -> 0 | AI22: =+AI16+AI12+AI7 -> 0 | AK22: =+AK16+AK12+AK7 -> 0 | AM22: =+AM16+AM12+AM7 -> 0 | AO22: =+AO16+AO12+AO7 -> 0 | AQ22: =+AQ16+AQ12+AQ7 -> 0 | AS22: =+AS16+AS12+AS7 -> 0 | AU22: =+AU16+AU12+AU7 -> 0 | AW22: =+AW16+AW12+AW7 -> 0 | AY22: =+AY16+AY12+AY7 -> 0 | BA22: =+BA16+BA12+BA7 -> 0 | BC22: =+BC16+BC12+BC7 -> 0 | BE22: =+BE16+BE12+BE7 -> 0
B23: Entrevista Personal (Etapa 2)
B24: V | C24: ENTREVISTA | D24: 0 | E24: 10
B25: PUNTAJE ENTREVISTA PERSONAL | D25: 0 | E25: =SUM(E24:E24) -> 10 | G25: =+ENTREVISTA!I8 -> 0 | I25: =+ENTREVISTA!N8 -> 0 | K25: 0 | M25: =+ENTREVISTA!S8 -> 0 | O25: =ENTREVISTA!W8 -> 0 | Q25: =ENTREVISTA!Y8 -> 0 | S25: =+ENTREVISTA!S8 -> 0 | U25: =+ENTREVISTA!U8 -> 0 | W25: =+ENTREVISTA!W8 -> 0 | Y25: =+ENTREVISTA!Y8 -> 0 | AA25: =+ENTREVISTA!AA8 -> 0 | AC25: =+ENTREVISTA!AC8 -> 0 | AE25: =+ENTREVISTA!AE8 -> 0 | AG25: =+ENTREVISTA!AG8 -> 0 | AI25: =+ENTREVISTA!AI8 -> 0 | AK25: =+ENTREVISTA!AK8 -> 0 | AM25: =+ENTREVISTA!AM8 -> 0 | AO25: =+ENTREVISTA!AO8 -> 0 | AQ25: =+ENTREVISTA!AQ8 -> 0 | AS25: =+ENTREVISTA!AS8 -> 0 | AU25: =+ENTREVISTA!AU8 -> 0 | AW25: =+ENTREVISTA!AW8 -> 0 | AY25: =+ENTREVISTA!AY8 -> 0 | BA25: =+ENTREVISTA!BA8 -> 0 | BC25: =+ENTREVISTA!BC8 -> 0 | BE25: =+ENTREVISTA!BE8 -> 0
B26: PUNTAJE TOTAL (ETAPA 1 + ETAPA 2) | E26: =SUM(E22+E25) -> #VALUE! | G26: =+G25+G16+G12+G7 -> 0 | I26: =+I25+I22 -> 0 | K26: NO CUMPLE | M26: =+M25+M16+M12+M7 -> 0 | O26: NO CUMPLE | Q26: NO CUMPLE | S26: NO CUMPLE | U26: NO CUMPLE | W26: NO CUMPLE | Y26: NO CUMPLE | AA26: NO CUMPLE | AC26: NO CUMPLE | AE26: NO CUMPLE | AG26: NO CUMPLE | AI26: NO CUMPLE | AK26: NO CUMPLE | AM26: NO CUMPLE | AO26: NO CUMPLE | AQ26: NO CUMPLE | AS26: NO CUMPLE | AU26: NO CUMPLE | AW26: NO CUMPLE | AY26: NO CUMPLE | BA26: NO CUMPLE | BC26: NO CUMPLE | BE26: NO CUMPLE
F31: 1825 | H31: 2475 | J31: 1880
F32: =F31/365 -> 5 | H32: =H31/365 -> 6.7808219 | J32: =J31/365 -> 5.1506849
F33: 1825 | H33: 1589 | J33: 1460
F34: =F33/365 -> 5 | H34: =H33/365 -> 4.3534247 | J34: =J33/365 -> 4

Sheet ENTREVISTA
B1: ENTREVISTA - SCI 057-2025-CG-UE02/BID3
B3: Consultores | I3: TOTAL | N3: TOTAL | S3: TOTAL
B4: Item | C4: Criterios de Evaluación | D4: Puntaje Máximo
B5: I | C5: Dominio temático | D5: 4 | I5: =SUM(E5:H5)/4 -> 0 | N5: =SUM(J5:M5)/4 -> 0 | S5: =SUM(O5:R5)/4 -> 0
B6: II | C6: Capacidad de análisis | D6: 3 | I6: =SUM(E6:H6)/4 -> 0 | N6: =SUM(J6:M6)/4 -> 0 | S6: =SUM(O6:R6)/4 -> 0
B7: III | C7: Facilidad de comunicación | D7: 3 | I7: =SUM(E7:H7)/4 -> 0 | N7: =SUM(J7:M7)/4 -> 0 | S7: =SUM(O7:R7)/4 -> 0
B8: TOTAL | D8: =SUM(D5:D7) -> 10 | E8: =SUM(E5:E7) -> 0 | F8: =SUM(F5:F7) -> 0 | G8: =SUM(G5:G7) -> 0 | H8: =SUM(H5:H7) -> 0 | I8: {=SUM(E8:H8/4)} -> 0 | J8: =SUM(J5:J7) -> 0 | K8: =SUM(K5:K7) -> 0 | L8: =SUM(L5:L7) -> 0 | M8: =SUM(M5:M7) -> 0 | N8: {=SUM(J8:M8/4)} -> 0 | O8: =SUM(O5:O7) -> 0 | P8: =SUM(P5:P7) -> 0 | Q8: =SUM(Q5:Q7) -> 0 | R8: =SUM(R5:R7) -> 0 | S8: {=SUM(O8:R8/4)} -> 0
